{"achievements": ["You Gotta Start Somewhere"], "best trip": 0.9250297305338822, "mileage earned": 1.7000000000000002, "unlocked": ["clunker"], "crashes": 0, "mileage": 1.7000000000000002}